"","E1A_profile","E1B_profile","E1C_profile","E2A_profile","E2B_profile","E3A_profile","E3B_profile","E3C_profile","E3D_profile","E4A_profile","E1A_sd","E1B_sd","E1C_sd","E2A_sd","E2B_sd","E3A_sd","E3B_sd","E3C_sd","E3D_sd","E4A_sd"
"00:00",2.3708602739726e-05,2.68992054794521e-05,2.84928767123288e-05,1.71536712328767e-05,2.20868493150685e-05,1.79669863013699e-05,2.0170904109589e-05,2.0170904109589e-05,2.56642465753425e-05,6.024e-05,1.99214845327415e-06,2.14053979891501e-06,1.94141437583903e-06,1.3506134956723e-06,1.27678928178804e-06,2.21494244023363e-06,1.03800289234473e-06,1.03800289234473e-06,3.64279802073083e-07,0
"00:15",2.17741369863014e-05,2.52232054794521e-05,2.62024657534247e-05,1.65688493150685e-05,2.14989315068493e-05,1.77516164383562e-05,2.02466301369863e-05,2.02466301369863e-05,2.55378630136986e-05,6.024e-05,1.9084287112749e-06,2.0018908298095e-06,1.93686856482903e-06,1.30470525987434e-06,1.24209686595558e-06,2.27285060056227e-06,1.02615701927636e-06,1.02615701927636e-06,3.98389384976961e-07,0
"00:30",2.00621369863014e-05,2.36666301369863e-05,2.40622191780822e-05,1.60472328767123e-05,2.09204109589041e-05,1.76001643835616e-05,2.02659178082192e-05,2.02659178082192e-05,2.54324109589041e-05,6.024e-05,1.79878678066137e-06,1.92039184064522e-06,1.95120989688939e-06,1.25801354969803e-06,1.22684290435552e-06,2.33248887853902e-06,1.01673229203439e-06,1.01673229203439e-06,4.2697658773401e-07,0
"00:45",1.86115068493151e-05,2.2231095890411e-05,2.21371780821918e-05,1.56167671232877e-05,2.0358301369863e-05,1.78875616438356e-05,2.01216712328767e-05,2.01216712328767e-05,2.53954520547945e-05,6.024e-05,1.68939344017157e-06,1.8359112789828e-06,1.9647423798805e-06,1.21955718995687e-06,1.21308836053486e-06,2.3155293522092e-06,1.02269988581714e-06,1.02269988581714e-06,4.24546462629482e-07,0
"01:00",1.74042465753425e-05,2.08894246575342e-05,2.04575068493151e-05,1.52828767123288e-05,1.97243287671233e-05,1.8021397260274e-05,1.99696164383562e-05,1.99696164383562e-05,2.53686849315068e-05,6.024e-05,1.56039875663015e-06,1.70513266795414e-06,1.96426413760678e-06,1.20234578350408e-06,1.19749229797237e-06,2.30552060066753e-06,1.01924657896901e-06,1.01924657896901e-06,4.25163086896228e-07,0
"01:15",1.64408767123288e-05,1.97153698630137e-05,1.90544109589041e-05,1.50064657534247e-05,1.90444931506849e-05,1.79975890410959e-05,1.98597808219178e-05,1.98597808219178e-05,2.5406e-05,6.024e-05,1.41100007345353e-06,1.57850192844363e-06,1.90151703343699e-06,1.21964859470493e-06,1.13286400553437e-06,2.30397022261416e-06,1.03817991419916e-06,1.03817991419916e-06,3.91493196718568e-07,0
"01:30",1.56692602739726e-05,1.87287397260274e-05,1.79387123287671e-05,1.47904383561644e-05,1.83851232876712e-05,1.79229589041096e-05,1.96873424657534e-05,1.96873424657534e-05,2.54483561643836e-05,6.024e-05,1.2615837990682e-06,1.45015613054266e-06,1.80014155029093e-06,1.23706064446542e-06,1.0916027125338e-06,2.32322649148207e-06,1.03101428000868e-06,1.03101428000868e-06,3.76256918079695e-07,0
"01:45",1.50608219178082e-05,1.79379178082192e-05,1.70225479452055e-05,1.46055616438356e-05,1.78572328767123e-05,1.77608219178082e-05,1.9618e-05,1.9618e-05,2.54304657534247e-05,6.024e-05,1.10263240642297e-06,1.35609188958793e-06,1.68520283646513e-06,1.23952202976027e-06,1.04998208410341e-06,2.33436448832513e-06,1.05344077789284e-06,1.05344077789284e-06,3.83732467552096e-07,0
"02:00",1.45922465753425e-05,1.72960821917808e-05,1.62650410958904e-05,1.44923835616438e-05,1.7425095890411e-05,1.76757534246575e-05,1.95583287671233e-05,1.95583287671233e-05,2.54131232876712e-05,6.024e-05,9.78267078815958e-07,1.30079339434224e-06,1.50803354633706e-06,1.27402152316485e-06,1.03997295194624e-06,2.33980047391116e-06,1.05031193763591e-06,1.05031193763591e-06,3.92914019940858e-07,0
"02:15",1.4242301369863e-05,1.67827945205479e-05,1.56199726027397e-05,1.44187945205479e-05,1.71354246575342e-05,1.74844383561644e-05,1.95429863013699e-05,1.95429863013699e-05,2.54432328767123e-05,6.024e-05,8.53305252522e-07,1.21820638012829e-06,1.40174978929009e-06,1.30049300625207e-06,9.95500121671253e-07,2.33466789992075e-06,1.06168775667282e-06,1.06168775667282e-06,3.93710808987961e-07,0
"02:30",1.3978602739726e-05,1.63668767123288e-05,1.50622191780822e-05,1.43701369863014e-05,1.69729863013699e-05,1.74347397260274e-05,1.94947123287671e-05,1.94947123287671e-05,2.54680821917808e-05,6.024e-05,7.72529005460758e-07,1.14447146908501e-06,1.29396602880336e-06,1.35209188064668e-06,9.46044171266678e-07,2.34270864427514e-06,1.06563824809788e-06,1.06563824809788e-06,3.97892309462308e-07,0
"02:45",1.37739452054795e-05,1.6019095890411e-05,1.45902739726027e-05,1.42974246575342e-05,1.68470684931507e-05,1.74225479452055e-05,1.9453698630137e-05,1.9453698630137e-05,2.54455890410959e-05,6.024e-05,7.00822748247971e-07,1.07321254621403e-06,1.20963278030745e-06,1.37165715446329e-06,9.06532706245948e-07,2.37462913843089e-06,1.06771336603211e-06,1.06771336603211e-06,4.01454766505396e-07,0
"03:00",1.36160821917808e-05,1.57032054794521e-05,1.42112054794521e-05,1.42447671232877e-05,1.66363835616438e-05,1.74730136986301e-05,1.94517534246575e-05,1.94517534246575e-05,2.54150410958904e-05,6.024e-05,6.4073896541211e-07,1.0715011417041e-06,1.0841024919982e-06,1.37189319860064e-06,9.12888222851706e-07,2.36368605609752e-06,1.07677871986822e-06,1.07677871986822e-06,4.04520216366679e-07,0
"03:15",1.34710684931507e-05,1.53865753424658e-05,1.39031780821918e-05,1.42200273972603e-05,1.63986575342466e-05,1.74176712328767e-05,1.9440602739726e-05,1.9440602739726e-05,2.53752054794521e-05,6.024e-05,5.71658189791016e-07,1.06952261505571e-06,9.75909428535816e-07,1.35769206615494e-06,9.38110156304703e-07,2.35412621184285e-06,1.07744542631902e-06,1.07744542631902e-06,4.09384117930641e-07,0
"03:30",1.33727671232877e-05,1.50855890410959e-05,1.36707123287671e-05,1.42178082191781e-05,1.62207397260274e-05,1.74152602739726e-05,1.94511780821918e-05,1.94511780821918e-05,2.53483287671233e-05,6.024e-05,5.17568027077037e-07,1.01736380727992e-06,9.34565796216336e-07,1.35053697763306e-06,9.87686969744575e-07,2.33861592641933e-06,1.0806464200804e-06,1.0806464200804e-06,4.10503846630882e-07,0
"03:45",1.33125479452055e-05,1.4857095890411e-05,1.34807397260274e-05,1.42480547945205e-05,1.6149698630137e-05,1.73167397260274e-05,1.94467945205479e-05,1.94467945205479e-05,2.5417095890411e-05,6.024e-05,4.83130048730309e-07,9.71314564154172e-07,8.79087158091792e-07,1.3791930262232e-06,1.02239278011867e-06,2.38085208467564e-06,1.10127991170544e-06,1.10127991170544e-06,4.03383770192225e-07,0
"04:00",1.32994246575342e-05,1.47278904109589e-05,1.33569589041096e-05,1.42622739726027e-05,1.61243287671233e-05,1.74692328767123e-05,1.949e-05,1.949e-05,2.54937534246575e-05,6.024e-05,4.61461424274697e-07,9.62599039597574e-07,8.20667652986357e-07,1.40597568152529e-06,1.06606826233918e-06,2.39062671975402e-06,1.10921539441571e-06,1.10921539441571e-06,3.97752469440049e-07,0
"04:15",1.33018356164384e-05,1.46903835616438e-05,1.32919178082192e-05,1.42675342465753e-05,1.61845753424658e-05,1.74984657534247e-05,1.95253150684931e-05,1.95253150684931e-05,2.54852876712329e-05,6.024e-05,4.56428051625228e-07,1.00699360286576e-06,8.0112670921332e-07,1.44019933451489e-06,1.12432037979541e-06,2.39988915770937e-06,1.1304296187674e-06,1.1304296187674e-06,4.01790958970235e-07,0
"04:30",1.33359178082192e-05,1.4697397260274e-05,1.32876712328767e-05,1.43207397260274e-05,1.63202191780822e-05,1.75972054794521e-05,1.9594904109589e-05,1.9594904109589e-05,2.54675342465753e-05,6.024e-05,4.70453421496093e-07,1.07472719180528e-06,8.06593911314163e-07,1.47268583621261e-06,1.18070427677367e-06,2.43386893512705e-06,1.13056331583394e-06,1.13056331583394e-06,4.1506910857757e-07,0
"04:45",1.33858630136986e-05,1.47371506849315e-05,1.33072328767123e-05,1.44445753424658e-05,1.65335890410959e-05,1.76112876712329e-05,1.96896438356164e-05,1.96896438356164e-05,2.55032054794521e-05,6.01624931506849e-05,4.99107040950193e-07,1.14880209553439e-06,8.23374698069868e-07,1.52926548049379e-06,1.21062512046346e-06,2.49548575662603e-06,1.18178558989808e-06,1.18178558989808e-06,4.62248891110114e-07,3.46296858744105e-07
"05:00",1.34941917808219e-05,1.48284109589041e-05,1.33382739726027e-05,1.46607945205479e-05,1.68065479452055e-05,1.77127671232877e-05,1.98270410958904e-05,1.98270410958904e-05,2.55625753424658e-05,5.6692301369863e-05,5.33722379616677e-07,1.23067733333343e-06,8.34026728632519e-07,1.58051882355708e-06,1.23867002676053e-06,2.58309631116656e-06,1.25984649813219e-06,1.25984649813219e-06,5.73750384083958e-07,1.02598611994512e-05
"05:15",1.36655342465753e-05,1.49981917808219e-05,1.3393095890411e-05,1.48890684931507e-05,1.72288493150685e-05,1.78307671232877e-05,1.9977698630137e-05,1.9977698630137e-05,2.56997808219178e-05,5.12788767123288e-05,5.97578034864503e-07,1.32292051892123e-06,8.8398790710091e-07,1.63667100758034e-06,1.31237758896702e-06,2.68020818098551e-06,1.41757693247179e-06,1.41757693247179e-06,6.7738464097512e-07,2.00429959156115e-05
"05:30",1.39695616438356e-05,1.52932054794521e-05,1.35511506849315e-05,1.52226849315068e-05,1.78019452054795e-05,1.8004301369863e-05,2.01937260273973e-05,2.01937260273973e-05,2.58993150684931e-05,4.77066575342466e-05,7.43485128961099e-07,1.44693665572622e-06,9.60927489106012e-07,1.74112346007007e-06,1.46931033282019e-06,2.8275933087903e-06,1.61661202217084e-06,1.61661202217084e-06,7.75165577433075e-07,2.35138320247793e-05
"05:45",1.44465479452055e-05,1.57871232876712e-05,1.38455890410959e-05,1.56223835616438e-05,1.85331506849315e-05,1.82990684931507e-05,2.05494794520548e-05,2.05494794520548e-05,2.6424301369863e-05,4.46764109589041e-05,1.00863885325415e-06,1.66262856187376e-06,1.09896754538687e-06,1.87736519416349e-06,1.68220116519954e-06,2.99459920601012e-06,1.90252160685474e-06,1.90252160685474e-06,7.77619901445746e-07,2.55976449701425e-05
"06:00",1.51203287671233e-05,1.6507095890411e-05,1.43674246575342e-05,1.61696438356164e-05,1.93101369863014e-05,1.88144657534247e-05,2.10244931506849e-05,2.10244931506849e-05,2.6995095890411e-05,4.17353424657534e-05,1.38605710099535e-06,2.03082652586143e-06,1.31362929352954e-06,2.11103865749961e-06,1.92762087401295e-06,3.2843802921338e-06,2.22055200000038e-06,2.22055200000038e-06,8.15958146490201e-07,2.69875040315361e-05
"06:15",1.60060821917808e-05,1.74280547945205e-05,1.50884931506849e-05,1.68826575342466e-05,2.02422191780822e-05,1.94651232876712e-05,2.16002739726027e-05,2.16002739726027e-05,2.75501095890411e-05,3.82136438356164e-05,1.86497142064412e-06,2.58276627772258e-06,1.67651937914888e-06,2.48167156213007e-06,2.21982742527045e-06,3.67364317460458e-06,2.57621771730003e-06,2.57621771730003e-06,8.86808073590797e-07,2.81044819200368e-05
"06:30",1.71458904109589e-05,1.85450410958904e-05,1.61486301369863e-05,1.78455068493151e-05,2.13727671232877e-05,2.04162465753425e-05,2.22723561643836e-05,2.22723561643836e-05,2.81146849315068e-05,3.45119178082192e-05,2.45986846093447e-06,3.2965180283056e-06,2.2424396270485e-06,3.08591804746897e-06,2.55938431878134e-06,4.2014614666229e-06,2.95921413206139e-06,2.95921413206139e-06,9.70937703503939e-07,2.89254892945183e-05
"06:45",1.8502602739726e-05,1.9830301369863e-05,1.74811780821918e-05,1.90886849315069e-05,2.27636438356164e-05,2.19562191780822e-05,2.33278630136986e-05,2.33278630136986e-05,2.87627397260274e-05,3.08296712328767e-05,3.11254499389221e-06,4.07979680154462e-06,2.98695138115177e-06,3.86874314740188e-06,2.99902853029872e-06,4.95728805869539e-06,3.48768442859885e-06,3.48768442859885e-06,1.01591816896214e-06,2.92511180757732e-05
"07:00",2.00061917808219e-05,2.1203397260274e-05,1.89908219178082e-05,2.08080273972603e-05,2.41626301369863e-05,2.39587397260274e-05,2.45945753424658e-05,2.45945753424658e-05,2.93750136986301e-05,2.69932328767123e-05,3.73006319606459e-06,4.80181650249349e-06,3.75678125082513e-06,4.81631823833036e-06,3.45490504754484e-06,6.00040315043795e-06,4.13537309104482e-06,4.13537309104482e-06,1.05730000957694e-06,2.89988871984868e-05
"07:15",2.14999178082192e-05,2.24325753424658e-05,2.04754794520548e-05,2.3035397260274e-05,2.55367671232877e-05,2.65955342465753e-05,2.61435068493151e-05,2.61435068493151e-05,2.96504109589041e-05,2.29405479452055e-05,4.16356728967403e-06,5.26834079933728e-06,4.36288147080406e-06,6.00209383506602e-06,3.96904138549792e-06,7.45332104250834e-06,4.94238722829121e-06,4.94238722829121e-06,1.08184320525605e-06,2.82763643043154e-05
"07:30",2.29071506849315e-05,2.34853150684932e-05,2.18053698630137e-05,2.53980273972603e-05,2.68255616438356e-05,2.93311506849315e-05,2.77458904109589e-05,2.77458904109589e-05,2.98747945205479e-05,1.88985205479452e-05,4.36134690252389e-06,5.42537219282501e-06,4.64325603212428e-06,7.28754258082786e-06,4.50249101074299e-06,9.03189444987071e-06,5.81754886727409e-06,5.81754886727409e-06,1.11307305229716e-06,2.6908683389591e-05
"07:45",2.41722465753425e-05,2.44249589041096e-05,2.29615616438356e-05,2.78733424657534e-05,2.81616164383562e-05,3.23839178082192e-05,2.96552602739726e-05,2.96552602739726e-05,3.00955890410959e-05,1.47466849315068e-05,4.35752808172129e-06,5.30791905903975e-06,4.54892108022651e-06,8.6936930091814e-06,5.10666154744649e-06,1.07135462031007e-05,6.83025800766722e-06,6.83025800766722e-06,1.1003223782798e-06,2.47168710727811e-05
"08:00",2.53204657534247e-05,2.54227397260274e-05,2.39108767123288e-05,3.01406301369863e-05,2.93196164383562e-05,3.50658356164384e-05,3.14739178082192e-05,3.14739178082192e-05,3.02955342465753e-05,1.06020273972603e-05,4.25301593727293e-06,5.07755210021749e-06,4.19461013376915e-06,9.97657629659777e-06,5.66514830758929e-06,1.21410117649313e-05,7.77728912231808e-06,7.77728912231808e-06,1.10677586008e-06,2.17070306696644e-05
"08:15",2.64081369863014e-05,2.64909315068493e-05,2.48058356164384e-05,3.22185205479452e-05,3.03465205479452e-05,3.72962191780822e-05,3.31450410958904e-05,3.31450410958904e-05,3.03491232876712e-05,6.39495890410959e-06,4.15393852998014e-06,4.83369665015662e-06,3.83470326019927e-06,1.11041217722376e-05,6.09386172900579e-06,1.32810497051442e-05,8.64558645650357e-06,8.64558645650357e-06,1.12436565687626e-06,1.64470743018011e-05
"08:30",2.74879452054795e-05,2.75741095890411e-05,2.57704383561644e-05,3.3770904109589e-05,3.12650684931507e-05,3.89015342465753e-05,3.44340547945205e-05,3.44340547945205e-05,3.03827671232877e-05,1.10438356164384e-06,4.05666875965499e-06,4.60585026800198e-06,3.67421776449659e-06,1.18116089293128e-05,6.43384686665276e-06,1.4055584352341e-05,9.27344922003403e-06,9.27344922003403e-06,1.14384005404856e-06,3.77770977857717e-06
"08:45",2.85204383561644e-05,2.85926849315068e-05,2.68683287671233e-05,3.50517534246575e-05,3.21773424657534e-05,3.99488493150685e-05,3.5571095890411e-05,3.5571095890411e-05,3.04888493150685e-05,0,3.97895878266277e-06,4.3538550458587e-06,3.71361930643862e-06,1.22646776922623e-05,6.75357286845547e-06,1.44575752337423e-05,9.74937199465844e-06,9.74937199465844e-06,1.10776445099129e-06,0
"09:00",2.94733150684931e-05,2.9481397260274e-05,2.78923287671233e-05,3.62739178082192e-05,3.29206575342466e-05,4.06891506849315e-05,3.64288493150685e-05,3.64288493150685e-05,3.05908493150685e-05,0,3.9252874496713e-06,4.06370303823489e-06,3.84659515509751e-06,1.25861820160237e-05,7.04123592933902e-06,1.4601643897057e-05,1.00242063505297e-05,1.00242063505297e-05,1.07304337232007e-06,0
"09:15",3.0301698630137e-05,3.02123561643836e-05,2.87291232876712e-05,3.7364602739726e-05,3.35205479452055e-05,4.09661643835616e-05,3.70756438356164e-05,3.70756438356164e-05,3.0627698630137e-05,0,3.90091703322892e-06,3.82859382763101e-06,4.03742278511273e-06,1.27694782121875e-05,7.18865916413152e-06,1.44719456750382e-05,1.01939290775262e-05,1.01939290775262e-05,1.07378562491186e-06,0
"09:30",3.09767123287671e-05,3.07602739726027e-05,2.93095068493151e-05,3.82141917808219e-05,3.40210684931507e-05,4.11586849315069e-05,3.74847123287671e-05,3.74847123287671e-05,3.06427397260274e-05,0,3.91771086124189e-06,3.6719292218733e-06,4.2849436476839e-06,1.27834710937553e-05,7.20862035147291e-06,1.43049693748464e-05,1.02704609362405e-05,1.02704609362405e-05,1.07600816548075e-06,0
"09:45",3.14561095890411e-05,3.1091698630137e-05,2.96623287671233e-05,3.9044904109589e-05,3.45583835616438e-05,4.13049589041096e-05,3.78221369863014e-05,3.78221369863014e-05,3.06069863013699e-05,0,3.96102726838939e-06,3.60013489782717e-06,4.53753428242065e-06,1.27661043006669e-05,7.1439867794687e-06,1.4141204069651e-05,1.02994646896463e-05,1.02994646896463e-05,1.04005531991964e-06,0
"10:00",3.17214520547945e-05,3.11939178082192e-05,2.97625205479452e-05,3.99175342465753e-05,3.49129863013699e-05,4.18207123287671e-05,3.80278904109589e-05,3.80278904109589e-05,3.05781643835616e-05,0,4.04682928739881e-06,3.56343391365158e-06,4.73662445332136e-06,1.28361765323359e-05,7.06680306913555e-06,1.42218077217986e-05,1.02820090496871e-05,1.02820090496871e-05,1.01168973838325e-06,0
"10:15",3.18064931506849e-05,3.11308493150685e-05,2.97134794520548e-05,4.0709397260274e-05,3.51269863013699e-05,4.24710136986301e-05,3.81944931506849e-05,3.81944931506849e-05,3.06289863013699e-05,0,4.15240348487346e-06,3.56635569706681e-06,4.81048970602806e-06,1.29687357008948e-05,6.98596144966356e-06,1.44269183428302e-05,1.0265234862832e-05,1.0265234862832e-05,1.01810792640654e-06,0
"10:30",3.17950684931507e-05,3.10338082191781e-05,2.96757260273973e-05,4.13633424657534e-05,3.52490136986301e-05,4.30919452054794e-05,3.83125479452055e-05,3.83125479452055e-05,3.06693698630137e-05,0,4.26757913311326e-06,3.60041412704094e-06,4.81236654805769e-06,1.31592908224979e-05,6.96391547943805e-06,1.468600882717e-05,1.02422148041591e-05,1.02422148041591e-05,1.0371250879187e-06,0
"10:45",3.17677808219178e-05,3.09947123287671e-05,2.97525753424658e-05,4.19730410958904e-05,3.55213698630137e-05,4.3411397260274e-05,3.84785479452055e-05,3.84785479452055e-05,3.05779178082192e-05,0,4.34916990389291e-06,3.67948593473884e-06,4.82531470794486e-06,1.33529219056593e-05,7.00931834936291e-06,1.47959367554363e-05,1.02435152269339e-05,1.02435152269339e-05,1.0514495717899e-06,0
"11:00",3.17975342465753e-05,3.10640547945206e-05,2.9905095890411e-05,4.25076164383562e-05,3.58325753424658e-05,4.3611698630137e-05,3.86178356164384e-05,3.86178356164384e-05,3.04827123287671e-05,0,4.41027103550945e-06,3.80653674289521e-06,4.89928934116695e-06,1.34584228320855e-05,7.05765420730074e-06,1.48258887348131e-05,1.02253823096986e-05,1.02253823096986e-05,1.07257907159338e-06,0
"11:15",3.19409863013699e-05,3.12343835616438e-05,3.01410684931507e-05,4.2922e-05,3.60956164383562e-05,4.37036164383562e-05,3.87231780821918e-05,3.87231780821918e-05,3.05292054794521e-05,0,4.484444495267e-06,3.96310525460398e-06,5.02469677705429e-06,1.34945250640138e-05,7.08851438780388e-06,1.48219116111425e-05,1.02026370639585e-05,1.02026370639585e-05,1.08762831703383e-06,0
"11:30",3.21718630136986e-05,3.15189315068493e-05,3.0463397260274e-05,4.31882191780822e-05,3.6273095890411e-05,4.37322739726027e-05,3.87908219178082e-05,3.87908219178082e-05,3.05804657534247e-05,0,4.60617023262845e-06,4.149899801282e-06,5.09890350941691e-06,1.34060207220555e-05,7.0643661594856e-06,1.48023360953863e-05,1.01628415427819e-05,1.01628415427819e-05,1.10420825996679e-06,0
"11:45",3.24084109589041e-05,3.18144383561644e-05,3.08703835616438e-05,4.30983561643836e-05,3.63862191780822e-05,4.32619726027397e-05,3.88155342465753e-05,3.88155342465753e-05,3.05223561643836e-05,0,4.72236596688083e-06,4.33820948843618e-06,5.15886656622176e-06,1.31376865858812e-05,6.97746568779499e-06,1.45175776537725e-05,1.01266283483475e-05,1.01266283483475e-05,1.09720120178299e-06,0
"12:00",3.25075890410959e-05,3.20027671232877e-05,3.12070684931507e-05,4.25740821917808e-05,3.62769589041096e-05,4.24717808219178e-05,3.87295616438356e-05,3.87295616438356e-05,3.04490684931507e-05,0,4.75919228486044e-06,4.50577849538408e-06,5.20071575887747e-06,1.2600154435816e-05,6.76074243362377e-06,1.4028090944823e-05,1.00587802017926e-05,1.00587802017926e-05,1.09279167063338e-06,0
"12:15",3.24578630136986e-05,3.2039095890411e-05,3.13592328767123e-05,4.16501369863014e-05,3.59635890410959e-05,4.12283561643836e-05,3.85530410958904e-05,3.85530410958904e-05,3.0409397260274e-05,0,4.68452811524297e-06,4.59296392179752e-06,5.28022965732372e-06,1.1870514039106e-05,6.46432717455265e-06,1.32747381147673e-05,9.98229423248538e-06,9.98229423248538e-06,1.09076728135766e-06,0
"12:30",3.2268301369863e-05,3.1993397260274e-05,3.13064657534247e-05,4.10593150684932e-05,3.55884109589041e-05,4.02933150684931e-05,3.83039726027397e-05,3.83039726027397e-05,3.03767945205479e-05,0,4.53644695250399e-06,4.5932021520213e-06,5.36814104685796e-06,1.14193015616523e-05,6.19207546521459e-06,1.27259189405413e-05,9.86466966130746e-06,9.86466966130746e-06,1.09977663764837e-06,0
"12:45",3.20565753424658e-05,3.1976602739726e-05,3.11212602739726e-05,4.09600547945205e-05,3.54609863013699e-05,4.01089589041096e-05,3.82305479452055e-05,3.82305479452055e-05,3.03343561643836e-05,0,4.41015181866521e-06,4.50049282630945e-06,5.504275516069e-06,1.13671118282381e-05,6.11887690013802e-06,1.26830632939183e-05,9.84055081579643e-06,9.84055081579643e-06,1.11856974721822e-06,0
"13:00",3.18384383561644e-05,3.19779726027397e-05,3.0887095890411e-05,4.12434520547945e-05,3.55111232876712e-05,4.08722191780822e-05,3.82976712328767e-05,3.82976712328767e-05,3.02941369863014e-05,0,4.35759927662786e-06,4.33972276540403e-06,5.68393014318859e-06,1.1644372131476e-05,6.21507469022602e-06,1.32322266138628e-05,9.87945397128486e-06,9.87945397128486e-06,1.13503261940671e-06,0
"13:15",3.16482465753425e-05,3.19462739726027e-05,3.05786301369863e-05,4.15984109589041e-05,3.5631698630137e-05,4.18362465753425e-05,3.84552054794521e-05,3.84552054794521e-05,3.02525479452055e-05,0,4.37439172468717e-06,4.17319643632568e-06,5.82827512866911e-06,1.1943147223403e-05,6.38681887550345e-06,1.39069579152134e-05,9.98165552422871e-06,9.98165552422871e-06,1.11923483773877e-06,0
"13:30",3.14255342465753e-05,3.18300821917808e-05,3.01973698630137e-05,4.19102465753425e-05,3.57014246575342e-05,4.24000273972603e-05,3.85472602739726e-05,3.85472602739726e-05,3.02142191780822e-05,0,4.40166671130639e-06,4.06051670016844e-06,5.84795673790683e-06,1.21808467782719e-05,6.45807835093017e-06,1.43156013315112e-05,1.00364996060087e-05,1.00364996060087e-05,1.10715716354817e-06,0
"13:45",3.11678904109589e-05,3.16086849315068e-05,2.97614794520548e-05,4.21701095890411e-05,3.57635890410959e-05,4.24906301369863e-05,3.85421917808219e-05,3.85421917808219e-05,3.02e-05,0,4.39249480902344e-06,4.02801909457779e-06,5.75136056552352e-06,1.23394019566306e-05,6.44591893174316e-06,1.44341085432042e-05,1.00596741812769e-05,1.00596741812769e-05,1.11027023737467e-06,0
"14:00",3.08770410958904e-05,3.13348493150685e-05,2.93471232876712e-05,4.23388493150685e-05,3.58481917808219e-05,4.24329315068493e-05,3.85086575342466e-05,3.85086575342466e-05,3.01887397260274e-05,0,4.36799222252041e-06,4.05356481177687e-06,5.62080077188082e-06,1.24440559442095e-05,6.43055694753003e-06,1.44520127845749e-05,1.0050208056754e-05,1.0050208056754e-05,1.12095110258166e-06,0
"14:15",3.05995342465753e-05,3.10658630136986e-05,2.8974602739726e-05,4.22489863013699e-05,3.59060273972603e-05,4.21325479452055e-05,3.84198904109589e-05,3.84198904109589e-05,3.01793150684931e-05,0,4.32308829020359e-06,4.07277528199957e-06,5.46009365419952e-06,1.23771363928929e-05,6.46370031889119e-06,1.43313535792408e-05,1.00256851997368e-05,1.00256851997368e-05,1.14112019472568e-06,0
"14:30",3.03324383561644e-05,3.08466301369863e-05,2.86383835616438e-05,4.2108904109589e-05,3.58767397260274e-05,4.1761095890411e-05,3.83050410958904e-05,3.83050410958904e-05,3.01781095890411e-05,0,4.26805226502515e-06,4.03188369627623e-06,5.31431824638917e-06,1.23051551514485e-05,6.50125258858113e-06,1.4130292450257e-05,9.98496819735309e-06,9.98496819735309e-06,1.16438777435017e-06,0
"14:45",3.00969863013699e-05,3.0662602739726e-05,2.83474246575342e-05,4.18693424657534e-05,3.57554246575342e-05,4.09968767123288e-05,3.81571780821918e-05,3.81571780821918e-05,3.02099726027397e-05,0,4.21402801384378e-06,3.92929132224214e-06,5.16117314033885e-06,1.22101159693118e-05,6.48177611393271e-06,1.37182904534613e-05,9.93412245711341e-06,9.93412245711341e-06,1.18321282179704e-06,0
"15:00",2.99251232876712e-05,3.04820821917808e-05,2.81406301369863e-05,4.15706575342466e-05,3.55843835616438e-05,4.04792054794521e-05,3.79828219178082e-05,3.79828219178082e-05,3.02435342465753e-05,0,4.19666989889042e-06,3.83095016530496e-06,5.05992739682865e-06,1.21124231296614e-05,6.41186862802302e-06,1.34310875928736e-05,9.86294544439331e-06,9.86294544439331e-06,1.20213082430388e-06,0
"15:15",2.98576438356164e-05,3.0334904109589e-05,2.80372602739726e-05,4.12060273972603e-05,3.54688219178082e-05,4.00626575342466e-05,3.78313424657534e-05,3.78313424657534e-05,3.02439178082192e-05,0,4.24328479621736e-06,3.81553573847094e-06,4.99143746507814e-06,1.20024507730583e-05,6.37830138464501e-06,1.32575443504377e-05,9.78888656160196e-06,9.78888656160196e-06,1.21129743529095e-06,0
"15:30",2.99118630136986e-05,3.0274904109589e-05,2.80566849315069e-05,4.09757534246575e-05,3.54323287671233e-05,3.98361369863014e-05,3.77009315068493e-05,3.77009315068493e-05,3.02485753424658e-05,0,4.34885033852598e-06,3.91180410082066e-06,4.97398559119828e-06,1.19485922567077e-05,6.39949189272256e-06,1.31820950048711e-05,9.70701016702148e-06,9.70701016702148e-06,1.22594733405389e-06,0
"15:45",3.01489863013699e-05,3.04063287671233e-05,2.82660547945205e-05,4.07722739726027e-05,3.54390136986301e-05,3.90802739726027e-05,3.7528602739726e-05,3.7528602739726e-05,3.02884109589041e-05,0,4.54834522648209e-06,4.14319874320327e-06,4.99823037885072e-06,1.18664754032594e-05,6.43342180006131e-06,1.27799307996332e-05,9.59362096146133e-06,9.59362096146133e-06,1.24611757329434e-06,0
"16:00",3.06388493150685e-05,3.08462191780822e-05,2.88282739726027e-05,4.03070136986301e-05,3.54533698630137e-05,3.77701917808219e-05,3.72785205479452e-05,3.72785205479452e-05,3.03280273972603e-05,0,4.89057827001509e-06,4.51795811802462e-06,5.15988377621759e-06,1.16086184643527e-05,6.43710324821733e-06,1.1967875233327e-05,9.41880933206421e-06,9.41880933206421e-06,1.27190496971849e-06,0
"16:15",3.15439452054795e-05,3.16962465753425e-05,2.98765753424658e-05,3.93079178082192e-05,3.55703561643836e-05,3.58645205479452e-05,3.68785753424658e-05,3.68785753424658e-05,3.03410410958904e-05,1.04164383561644e-07,5.45948602794228e-06,5.07966738706477e-06,5.57569042173798e-06,1.09368094592103e-05,6.46355510945936e-06,1.07940361078475e-05,9.13850762384913e-06,9.13850762384913e-06,1.30729693901884e-06,4.54827192570553e-07
"16:30",3.29297534246575e-05,3.29823287671233e-05,3.14465205479452e-05,3.80969315068493e-05,3.58310410958904e-05,3.38918356164384e-05,3.6397397260274e-05,3.6397397260274e-05,3.03389315068493e-05,3.3212602739726e-06,6.27157118741498e-06,5.81727097013427e-06,6.34998868241093e-06,1.0080677709656e-05,6.50964002068132e-06,9.58190566258873e-06,8.77996639887517e-06,8.77996639887517e-06,1.341569405797e-06,9.79100619208771e-06
"16:45",3.47406849315069e-05,3.45927123287671e-05,3.34121369863014e-05,3.6767095890411e-05,3.61445479452055e-05,3.1664904109589e-05,3.55076164383562e-05,3.55076164383562e-05,3.021e-05,8.38545205479452e-06,7.21328557699571e-06,6.74484072564139e-06,7.3259390751515e-06,9.1948206756447e-06,6.47904772934657e-06,8.33269736574727e-06,8.20275028025165e-06,8.20275028025165e-06,1.28969158933615e-06,1.93977020029599e-05
"17:00",3.67941095890411e-05,3.62989863013699e-05,3.56196712328767e-05,3.55605479452055e-05,3.64192602739726e-05,2.98078904109589e-05,3.43471506849315e-05,3.43471506849315e-05,3.00814794520548e-05,1.17521643835616e-05,8.10392826933646e-06,7.72548403919921e-06,8.27600662191017e-06,8.45491025329299e-06,6.36391011280247e-06,7.37485192170515e-06,7.55254069700911e-06,7.55254069700911e-06,1.23370165892345e-06,2.29066315191763e-05
"17:15",3.88638082191781e-05,3.78048493150685e-05,3.7852904109589e-05,3.43993424657534e-05,3.67235342465753e-05,2.81316438356164e-05,3.29083561643836e-05,3.29083561643836e-05,3.0097095890411e-05,1.45646849315068e-05,8.7997166860262e-06,8.6046306400976e-06,9.02638460378822e-06,7.83504283777425e-06,6.17531761447301e-06,6.64308783410994e-06,6.81491968092169e-06,6.81491968092169e-06,1.23555468884684e-06,2.50222357536651e-05
"17:30",4.06799452054795e-05,3.88880547945205e-05,3.98598630136986e-05,3.34515890410959e-05,3.70304931506849e-05,2.70327945205479e-05,3.16214794520548e-05,3.16214794520548e-05,3.01220273972603e-05,1.67092876712329e-05,9.28008419327928e-06,9.17514300857259e-06,9.52409978053227e-06,7.28396875094304e-06,5.98597603543429e-06,6.24492570926633e-06,6.19939978508552e-06,6.19939978508552e-06,1.26447063558563e-06,2.65442246369922e-05
"17:45",4.20072054794521e-05,3.94864931506849e-05,4.14522465753425e-05,3.24320821917808e-05,3.69233150684932e-05,2.60599178082192e-05,3.03095616438356e-05,3.03095616438356e-05,3.00656164383562e-05,1.81121917808219e-05,9.5632301990243e-06,9.41259401704762e-06,9.86287519068074e-06,6.75464232253003e-06,5.63984361114308e-06,6.01409486798621e-06,5.55014600586659e-06,5.55014600586659e-06,1.27808362972233e-06,2.72865873164949e-05
"18:00",4.27520821917808e-05,3.97086301369863e-05,4.25606849315068e-05,3.15341095890411e-05,3.64762465753425e-05,2.53337808219178e-05,2.91507671232877e-05,2.91507671232877e-05,3.0006602739726e-05,1.94397808219178e-05,9.70921062328405e-06,9.40882250738438e-06,1.01121214023001e-05,6.38108779257335e-06,5.22768374680565e-06,5.88646015349142e-06,4.97447550529323e-06,4.97447550529323e-06,1.29441295977444e-06,2.78305066025401e-05
"18:15",4.3100904109589e-05,3.9782e-05,4.33033698630137e-05,3.08698082191781e-05,3.59239178082192e-05,2.48249315068493e-05,2.81869315068493e-05,2.81869315068493e-05,3.00191232876712e-05,2.08010410958904e-05,9.76278969566992e-06,9.31968772174096e-06,1.02840533435638e-05,6.27996484700373e-06,4.87798826348736e-06,5.80767863332099e-06,4.50270686697582e-06,4.50270686697582e-06,1.28192111954535e-06,2.8296541259751e-05
"18:30",4.33790136986301e-05,3.98735616438356e-05,4.37463835616438e-05,3.06675068493151e-05,3.56827397260274e-05,2.46709315068493e-05,2.75995616438356e-05,2.75995616438356e-05,3.00321917808219e-05,2.26301643835616e-05,9.75812113807859e-06,9.25018576734505e-06,1.03210815711112e-05,6.48157545782466e-06,4.71421793249298e-06,5.81575235919976e-06,4.21257932062895e-06,4.21257932062895e-06,1.27875201714829e-06,2.85877385818755e-05
"18:45",4.37921917808219e-05,4.00607671232877e-05,4.39132054794521e-05,3.06084383561644e-05,3.54588767123288e-05,2.4678602739726e-05,2.71859726027397e-05,2.71859726027397e-05,3.00010410958904e-05,2.51192054794521e-05,9.77419034146824e-06,9.21317370614358e-06,1.02663249453486e-05,6.7793962683531e-06,4.68002208347262e-06,5.87251836467108e-06,4.01703548903e-06,4.01703548903e-06,1.29483335554663e-06,2.90677032205995e-05
"19:00",4.42999178082192e-05,4.02743561643836e-05,4.37332328767123e-05,3.06285753424658e-05,3.50661643835616e-05,2.47698904109589e-05,2.68441095890411e-05,2.68441095890411e-05,2.99548493150685e-05,2.75924109589041e-05,9.82411407206361e-06,9.19380500539325e-06,1.01568920174363e-05,7.08478327182497e-06,4.67940573095365e-06,6.00818566980934e-06,3.84744593304928e-06,3.84744593304928e-06,1.31398868134554e-06,2.94522477210087e-05
"19:15",4.47647945205479e-05,4.0487095890411e-05,4.32920273972603e-05,3.0710904109589e-05,3.44917808219178e-05,2.48658082191781e-05,2.6504602739726e-05,2.6504602739726e-05,2.9871095890411e-05,2.9300301369863e-05,9.89128064098129e-06,9.16817856154559e-06,9.98404283158799e-06,7.37846912292263e-06,4.65343461199282e-06,6.08323576566793e-06,3.68693552855901e-06,3.68693552855901e-06,1.2765584761293e-06,2.98480876422249e-05
"19:30",4.49693698630137e-05,4.05903287671233e-05,4.27501917808219e-05,3.08279726027397e-05,3.38777808219178e-05,2.49385205479452e-05,2.62165479452055e-05,2.62165479452055e-05,2.97618082191781e-05,3.03895342465753e-05,9.85520682304098e-06,9.09233395255597e-06,9.72811309061415e-06,7.66875380289113e-06,4.56187470574871e-06,6.12473107754467e-06,3.53960443962897e-06,3.53960443962897e-06,1.22878771512144e-06,2.98860970295821e-05
"19:45",4.47869315068493e-05,4.05115890410959e-05,4.2284602739726e-05,3.06910684931507e-05,3.32191232876712e-05,2.49275616438356e-05,2.58725753424658e-05,2.58725753424658e-05,2.95237534246575e-05,3.14443287671233e-05,9.64469662436642e-06,8.92239272692622e-06,9.39354405777591e-06,7.75941736995246e-06,4.42470025043358e-06,6.07610477673529e-06,3.37010343988789e-06,3.37010343988789e-06,1.1306163322197e-06,2.98589023281711e-05
"20:00",4.41426301369863e-05,4.01296712328767e-05,4.1879698630137e-05,3.0331095890411e-05,3.25102739726027e-05,2.48982465753425e-05,2.55296712328767e-05,2.55296712328767e-05,2.92803835616438e-05,3.25650684931507e-05,9.26172599130963e-06,8.62551039428653e-06,9.04036307176688e-06,7.67496171047539e-06,4.24565381282544e-06,5.96134224085985e-06,3.18825314763014e-06,3.18825314763014e-06,1.04842968172941e-06,2.97281933618322e-05
"20:15",4.32472602739726e-05,3.95175890410959e-05,4.15802739726027e-05,2.99274794520548e-05,3.17610136986301e-05,2.48506575342466e-05,2.52149589041096e-05,2.52149589041096e-05,2.91177808219178e-05,3.44411506849315e-05,8.75970069177845e-06,8.23051733488725e-06,8.65046749238564e-06,7.59196833435334e-06,4.06626145388492e-06,5.80138583344006e-06,3.00496819587106e-06,3.00496819587106e-06,9.56581456906376e-07,2.92121882453006e-05
"20:30",4.22968493150685e-05,3.88202191780822e-05,4.14504383561644e-05,2.96388767123288e-05,3.10351232876712e-05,2.48194246575342e-05,2.49787671232877e-05,2.49787671232877e-05,2.89817534246575e-05,3.6941698630137e-05,8.2078106523758e-06,7.78091808307768e-06,8.22605524976286e-06,7.46286433378155e-06,3.87098069446958e-06,5.60868698743447e-06,2.84285742009761e-06,2.84285742009761e-06,8.73412024995761e-07,2.86965584980883e-05
"20:45",4.14744657534247e-05,3.82052054794521e-05,4.16557260273973e-05,2.91177534246575e-05,3.02834246575342e-05,2.46489315068493e-05,2.47257534246575e-05,2.47257534246575e-05,2.89647945205479e-05,3.95039726027397e-05,7.64997249525004e-06,7.32730849300193e-06,7.76501734192121e-06,7.15621307664705e-06,3.64776614586035e-06,5.35426611343027e-06,2.65463057890587e-06,2.65463057890587e-06,7.99447112499744e-07,2.794909372313e-05
"21:00",4.07863835616438e-05,3.76966301369863e-05,4.21387671232877e-05,2.83703287671233e-05,2.95431232876712e-05,2.43598630136986e-05,2.44534794520548e-05,2.44534794520548e-05,2.89399726027397e-05,4.21296438356164e-05,7.12223237674119e-06,6.86894255723425e-06,7.30191216586704e-06,6.52085853591852e-06,3.38274769625472e-06,4.98221620143953e-06,2.4376115816083e-06,2.4376115816083e-06,7.52242617305935e-07,2.68980557251983e-05
"21:15",4.02432054794521e-05,3.72663287671233e-05,4.26965205479452e-05,2.73738904109589e-05,2.88154520547945e-05,2.38856164383562e-05,2.41599178082192e-05,2.41599178082192e-05,2.87525479452055e-05,4.48740547945205e-05,6.58009630962389e-06,6.40159438428006e-06,6.87364557709329e-06,5.74628271519095e-06,3.0785097233099e-06,4.51666054622648e-06,2.19273281341529e-06,2.19273281341529e-06,6.93883660346633e-07,2.54432414220933e-05
"21:30",3.97373698630137e-05,3.68354520547945e-05,4.29908219178082e-05,2.64190684931507e-05,2.81385205479452e-05,2.33368493150685e-05,2.39157808219178e-05,2.39157808219178e-05,2.84938630136986e-05,4.78560821917808e-05,5.9786526549775e-06,5.89565621677551e-06,6.40674913567172e-06,4.98856193995948e-06,2.75284119018793e-06,3.98632010919168e-06,1.95603988705268e-06,1.95603988705268e-06,6.51842808595191e-07,2.33470994561467e-05
"21:45",3.91324931506849e-05,3.63681095890411e-05,4.28809315068493e-05,2.54135342465753e-05,2.74470410958904e-05,2.26560821917808e-05,2.36185479452055e-05,2.36185479452055e-05,2.79247671232877e-05,5.13975342465753e-05,5.31218339230649e-06,5.35668745937336e-06,5.85812694704659e-06,4.25672375074659e-06,2.38905482965036e-06,3.42667970263267e-06,1.71679241099432e-06,1.71679241099432e-06,5.95640077742302e-07,1.98214203273496e-05
"22:00",3.83415890410959e-05,3.57863835616438e-05,4.23721095890411e-05,2.43876438356164e-05,2.67314520547945e-05,2.19352054794521e-05,2.33224383561644e-05,2.33224383561644e-05,2.73583561643836e-05,5.67181095890411e-05,4.58699364015524e-06,4.78640268068902e-06,5.20828146437316e-06,3.5803538155086e-06,2.05646523417508e-06,2.90134021209915e-06,1.50815961082094e-06,1.50815961082094e-06,5.49972561000437e-07,1.00863396354031e-05
"22:15",3.73378356164384e-05,3.51284657534247e-05,4.15672328767123e-05,2.33912054794521e-05,2.59813424657534e-05,2.11831780821918e-05,2.29553698630137e-05,2.29553698630137e-05,2.71180273972603e-05,6.01247945205479e-05,3.8855856440284e-06,4.21465312170811e-06,4.54943798763229e-06,2.93116836660341e-06,1.78327196667258e-06,2.50795827461515e-06,1.3435544900638e-06,1.3435544900638e-06,5.21363859480692e-07,4.88753487351716e-07
"22:30",3.60669589041096e-05,3.44837260273973e-05,4.04505479452055e-05,2.24275616438356e-05,2.52358630136986e-05,2.05446849315068e-05,2.2621397260274e-05,2.2621397260274e-05,2.69208767123288e-05,6.024e-05,3.25976450490329e-06,3.65970196821563e-06,3.93887231115031e-06,2.46225859521975e-06,1.58235241239345e-06,2.288854678299e-06,1.2500428425595e-06,1.2500428425595e-06,4.99065388732699e-07,0
"22:45",3.44538082191781e-05,3.39423561643836e-05,3.90283835616438e-05,2.14304109589041e-05,2.47587945205479e-05,2.00630410958904e-05,2.22309863013699e-05,2.22309863013699e-05,2.67001369863014e-05,6.024e-05,2.75846151109165e-06,3.19484869273988e-06,3.38250587676096e-06,2.09934830178017e-06,1.50719398474855e-06,2.22336402652834e-06,1.17681686155324e-06,1.17681686155324e-06,4.61349231116009e-07,0
"23:00",3.24873150684931e-05,3.32788493150685e-05,3.73034246575342e-05,2.04197534246575e-05,2.44551780821918e-05,1.97761369863014e-05,2.1877095890411e-05,2.1877095890411e-05,2.64714794520548e-05,6.024e-05,2.40457974713862e-06,2.87867553713696e-06,2.86487357524509e-06,1.86954751372265e-06,1.47954543938691e-06,2.22440142161434e-06,1.13166210743099e-06,1.13166210743099e-06,4.48952385859491e-07,0
"23:15",3.02890410958904e-05,3.22132054794521e-05,3.53711780821918e-05,1.94393150684932e-05,2.41482739726027e-05,1.95200273972603e-05,2.15177808219178e-05,2.15177808219178e-05,2.62478904109589e-05,6.024e-05,2.20291936945193e-06,2.71298199221443e-06,2.46130169339151e-06,1.67455318689311e-06,1.48713033323563e-06,2.24403733718401e-06,1.09436581874416e-06,1.09436581874416e-06,4.55094108177537e-07,0
"23:30",2.80244657534247e-05,3.06095068493151e-05,3.32077808219178e-05,1.85632602739726e-05,2.35093150684932e-05,1.90248219178082e-05,2.09137808219178e-05,2.09137808219178e-05,2.60275068493151e-05,6.024e-05,2.11084862681693e-06,2.54921476340861e-06,2.19166747602262e-06,1.52691981506292e-06,1.42649471325436e-06,2.20880413260696e-06,1.07108985071865e-06,1.07108985071865e-06,4.58830426769935e-07,0
"23:45",2.58283561643836e-05,2.87557534246575e-05,3.09105753424658e-05,1.78259178082192e-05,2.27741095890411e-05,1.85798630136986e-05,2.04102191780822e-05,2.04102191780822e-05,2.58414794520548e-05,6.024e-05,2.08654494747978e-06,2.3543986877315e-06,2.08315759058035e-06,1.41797314867694e-06,1.34774622168535e-06,2.17636018675721e-06,1.0607052164596e-06,1.0607052164596e-06,3.71008430844827e-07,0
